AbsPos1,AbsPos2,Protein1,Protein2,Score
79,71,YP_009725304.1,YP_009725304.1,101.41
79,72,YP_009725304.1,YP_009725304.1,134.49
196,58,YP_009725304.1,YP_009725304.1,62.33
97,72,YP_009725304.1,YP_009725304.1,194.83
40,97,YP_009725304.1,YP_009725304.1,74.54
97,46,YP_009725304.1,YP_009725304.1,63.14
97,97,YP_009725304.1,YP_009725304.1,679.68
97,82,YP_009725304.1,YP_009725304.1,392.9
72,89,YP_009725304.1,YP_009725304.1,103.61
72,85,YP_009725304.1,YP_009725304.1,189.42
97,127,YP_009725304.1,YP_009725304.1,229.43
79,127,YP_009725304.1,YP_009725304.1,120.12
79,72,YP_009725304.1,YP_009725304.1,149.56
79,40,YP_009725304.1,YP_009725304.1,52.78
79,71,YP_009725304.1,YP_009725304.1,96.48
79,58,YP_009725304.1,YP_009725304.1,29.88
196,61,YP_009725304.1,YP_009725304.1,24.26
79,46,YP_009725304.1,YP_009725304.1,38.24
196,46,YP_009725304.1,YP_009725304.1,72.56
72,82,YP_009725304.1,YP_009725304.1,166.29
97,61,YP_009725304.1,YP_009725304.1,49.07
79,97,YP_009725304.1,YP_009725304.1,37.92
97,72,YP_009725304.1,YP_009725304.1,266.87
40,97,YP_009725304.1,YP_009725304.1,60.07
79,82,YP_009725304.1,YP_009725304.1,94.11
72,89,YP_009725304.1,YP_009725304.1,92.68
68,97,YP_009725304.1,YP_009725304.1,29.1
97,82,YP_009725304.1,YP_009725304.1,463.86
97,97,YP_009725304.1,YP_009725304.1,684.49
97,85,YP_009725304.1,YP_009725304.1,76.89
79,124,YP_009725304.1,YP_009725304.1,41.91
196,85,YP_009725304.1,YP_009725304.1,36.02
97,127,YP_009725304.1,YP_009725304.1,220.21
79,127,YP_009725304.1,YP_009725304.1,39.92
79,40,YP_009725304.1,YP_009725304.1,48.51
79,72,YP_009725304.1,YP_009725304.1,140.74
79,61,YP_009725304.1,YP_009725304.1,77.44
72,97,YP_009725304.1,YP_009725304.1,388.78
196,82,YP_009725304.1,YP_009725304.1,39.9
79,82,YP_009725304.1,YP_009725304.1,45.56
72,84,YP_009725304.1,YP_009725304.1,198.41
97,46,YP_009725304.1,YP_009725304.1,46.23
196,97,YP_009725304.1,YP_009725304.1,73.67
196,89,YP_009725304.1,YP_009725304.1,46.2
72,82,YP_009725304.1,YP_009725304.1,94.01
97,85,YP_009725304.1,YP_009725304.1,114.11
97,82,YP_009725304.1,YP_009725304.1,444.76
97,97,YP_009725304.1,YP_009725304.1,605.87
97,89,YP_009725304.1,YP_009725304.1,41.17
79,124,YP_009725304.1,YP_009725304.1,129.53
196,124,YP_009725304.1,YP_009725304.1,81.57
97,127,YP_009725304.1,YP_009725304.1,259.46
196,127,YP_009725304.1,YP_009725304.1,167.46
